,cel,cel,mf1,mf1,acc,acc,pre,pre,rec,rec
,mean,std,mean,std,mean,std,mean,std,mean,std
model,,,,,,,,,,
gnn2rnn,1.2030633687973022,0.04210090407036638,0.5750764943659306,0.06293142739350635,0.605867400765419,0.05570443779159103,0.6431079916656017,0.13836762510986167,0.605867400765419,0.05570443779159103
grnn,1.242297574877739,0.07637215194612318,0.5331814251840115,0.09366737732325499,0.5591475516557693,0.0590912716420086,0.6186193600296974,0.14310274585744776,0.5591475516557693,0.0590912716420086
lstm,1.2664258480072021,0.05402929700461889,0.5405671633780003,0.05336280761077902,0.5563283488154411,0.03329696416550595,0.6583732590079308,0.10380660757453679,0.5563283488154411,0.03329696416550595
mlp,1.214364305138588,0.07440139318234201,0.5623325780034065,0.09521767920905552,0.6043820083141327,0.0717470679797719,0.5753619745373726,0.12945426254551318,0.6043820083141327,0.0717470679797719
rgnn,1.375121384859085,0.12697873663750106,0.387459997087717,0.12968176018737695,0.4466884844005108,0.10936879030492283,0.432815819978714,0.1359454163830549,0.4466884844005108,0.10936879030492283
rnn2gnn,1.2719575613737106,0.0689748275074173,0.46132898330688477,0.0341678100960974,0.516854777932167,0.026939419933155587,0.4727741964161396,0.07955129119953652,0.516854777932167,0.026939419933155587
