model,mae,mse,rse,ade,fde
grnn,0.2914043366909027,0.17034190893173218,0.41272619366645813,0.6402833461761475,0.6321447491645813
rgnn,0.2579081654548645,0.15724517405033112,0.3965427875518799,0.595016598701477,0.5846412777900696
mlp,0.2749570310115814,0.16990335285663605,0.41219455003738403,0.6251986026763916,0.5839123129844666
lstm,0.030573658645153046,0.0015765911666676402,0.039718903601169586,0.06172030046582222,0.06409060209989548
rnn2gnn,0.019468000158667564,0.00070440728450194,0.026559505611658096,0.0397343710064888,0.04378831386566162
gnn2rnn,0.04130863770842552,0.0031849793158471584,0.05644448101520538,0.08502641320228577,0.07263942807912827
ConstantAvg,0.05078659951686859,0.004622881766408682,0.06799913197755814,0.10735662281513214,0.12605683505535126
RollingAvg,0.020082276314496994,0.000747741898521781,0.02736314944922924,0.040890078991651535,0.05951879173517227
